Workbook

Sheet Sintesi
A1: =INDEX(Lingue!$B:$D,MATCH("dashboard_title",Lingue!$A:$A,0),MATCH(Input!$B$3,Lingue!$B$1:$D$1,0)) -> Sintesi modello iDea
A2: =INDEX(Lingue!$B:$D,MATCH("dashboard_subtitle",Lingue!$A:$A,0),MATCH(Input!$B$3,Lingue!$B$1:$D$1,0)) -> Dashboard sintetica. Per cambiare scenario usa il foglio Input. Per spiegazioni semplici consulta Guida e Grafici.
A4: Potenza FV totale [MWp] | D4: Quota FV coperta da iDeA | G4: Batteria totale [MWh]
A5: =Calcoli!B7/1000 -> 0.2 | D5: =Calcoli!B16 -> 1 | G5: =Calcoli!B10/1000 -> 0.2
A8: Recupero MPPT [MWh/anno] | D8: Storage reso [MWh/anno] | G8: Valore totale [€ / anno]
A9: =Calcoli!B22 -> 29.7 | D9: =Calcoli!B35 -> 20.02 | G9: =Calcoli!B43 -> 5772.8
A12: Valore MPPT [€ / anno] | D12: Valore arbitraggio [€ / anno] | G12: Valore congest./clip [€ / anno]
A13: =Calcoli!B23 -> 2970 | D13: =Calcoli!B39 -> 2802.8 | G13: =Calcoli!B40 -> 0
A16: Indicatori di dettaglio | F16: Controlli rapidi
A17: Numero stringhe FV | B17: =Input!B5 -> 20 | C17: n | F17: Coerenza sistemi/stringhe | G17: =Calcoli!G5 -> OK
A18: Numero sistemi iDeA | B18: =Input!B6 -> 20 | C18: n | F18: Quota stringhe non gestite | G18: =Calcoli!G6 -> 0
A19: Batteria per sistema iDeA | B19: =Input!B7 -> 10 | C19: kWh | F19: Fattibilità throughput batteria | G19: =Calcoli!G7 -> 1
A20: Incremento energia totale | B20: =Calcoli!B42 -> 49.72 | C20: MWh/anno | F20: Messaggio batteria | G20: =Calcoli!G8 -> OK
A21: Incremento valore per sistema | B21: =Calcoli!B44 -> 288.64 | C21: € / sistema anno
A22: Incremento valore per stringa | B22: =Calcoli!B45 -> 288.64 | C22: € / stringa anno
A24: =INDEX(Lingue!$B:$D,MATCH("dashboard_note",Lingue!$A:$A,0),MATCH(Input!$B$3,Lingue!$B$1:$D$1,0)) -> Suggerimento d'uso: imposta in Input il numero di stringhe, il numero di sistemi iDeA e la batteria 25/40 kWh. Il modello calcola automaticamente la potenza gestita, il recupero MPPT al 11%, la capacità di accumulo, l'arbitraggio di mercato e l'eventuale recupero da congestione/clipping. Se la batteria non basta, il modello riduce in automatico i flussi storage tramite il fattore di fattibilità.
A29: =INDEX(Lingue!$B:$D,MATCH("simple_out_title",Lingue!$A:$A,0),MATCH(Input!$B$3,Lingue!$B$1:$D$1,0)) -> OUT spiegati in modo semplice
A30: =INDEX(Lingue!$B:$D,MATCH("box1_title",Lingue!$A:$A,0),MATCH(Input!$B$3,Lingue!$B$1:$D$1,0)) -> Miglior resa MPPT | E30: =INDEX(Lingue!$B:$D,MATCH("box2_title",Lingue!$A:$A,0),MATCH(Input!$B$3,Lingue!$B$1:$D$1,0)) -> Storage reso
A31: =INDEX(Lingue!$B:$D,MATCH("box1_text",Lingue!$A:$A,0),MATCH(Input!$B$3,Lingue!$B$1:$D$1,0)) -> È l'energia extra annua ottenuta perché ogni stringa gestita può lavorare più vicino al proprio punto ottimo, invece di essere trascinata dalle altre stringhe in parallelo. | E31: =INDEX(Lingue!$B:$D,MATCH("box2_text",Lingue!$A:$A,0),MATCH(Input!$B$3,Lingue!$B$1:$D$1,0)) -> È l'energia effettivamente resa in uscita dopo le perdite della batteria. Non coincide con l'energia caricata: rappresenta la quota utile disponibile in scarica.
A34: =INDEX(Lingue!$B:$D,MATCH("box3_title",Lingue!$A:$A,0),MATCH(Input!$B$3,Lingue!$B$1:$D$1,0)) -> Recupero congestioni / clipping | E34: =INDEX(Lingue!$B:$D,MATCH("box4_title",Lingue!$A:$A,0),MATCH(Input!$B$3,Lingue!$B$1:$D$1,0)) -> Valore totale annuo
A35: =INDEX(Lingue!$B:$D,MATCH("box3_text",Lingue!$A:$A,0),MATCH(Input!$B$3,Lingue!$B$1:$D$1,0)) -> È l'energia che senza iDea sarebbe limitata, tagliata dal clipping o bloccata da vincoli di rete e che invece viene accumulata e valorizzata più tardi. | E35: =INDEX(Lingue!$B:$D,MATCH("box4_text",Lingue!$A:$A,0),MATCH(Input!$B$3,Lingue!$B$1:$D$1,0)) -> Somma del valore MPPT e del valore storage. È il beneficio economico annuo incrementale stimato rispetto alla configurazione tradizionale.

Sheet Input
A1: =INDEX(Lingue!$B:$D,MATCH("input_title",Lingue!$A:$A,0),MATCH(Input!$B$3,Lingue!$B$1:$D$1,0)) -> Modello di calcolo iDea – impianto FV
A2: =INDEX(Lingue!$B:$D,MATCH("input_subtitle",Lingue!$A:$A,0),MATCH(Input!$B$3,Lingue!$B$1:$D$1,0)) -> Modifica solo le celle blu. Ogni sistema iDea gestisce 1 stringa da 10 kWp e può montare 25 o 40 kWh di batteria.
A3: Lingua / Language / Мова | B3: Italiano | C3: =INDEX(Lingue!$B:$D,MATCH("input_lang_note",Lingue!$A:$A,0),MATCH(Input!$B$3,Lingue!$B$1:$D$1,0)) -> La lingua selezionata aggiorna Guida, Grafici e le note principali.
A4: =INDEX(Lingue!$B:$D,MATCH("input_sec_dim",Lingue!$A:$A,0),MATCH(Input!$B$3,Lingue!$B$1:$D$1,0)) -> 1. Dimensionamento iDea
A5: Numero stringhe FV | B5: 20 | C5: n | D5: Esempio base: 100 stringhe = 1.000 kWp
A6: Numero sistemi iDeA | B6: 20 | C6: n | D6: 1 sistema iDea per stringa gestita
A7: Batteria per sistema iDeA | B7: 10 | C7: kWh | D7: Valori ammessi: 25 o 40
A8: Potenza per stringa | B8: 10 | C8: kWp | D8: Costante di modello
A9: Potenza gestita da ogni iDeA | B9: 10 | C9: kWp | D9: Costante di modello
A10: Quota batteria utilizzabile | B10: 0.9 | C10: % | D10: Usata per calcolare l'energia utile per ciclo
A11: Cicli annui efficaci batteria | B11: 250 | C11: n/anno | D11: Serve a stimare il throughput annuo disponibile
A12: Rendimento round-trip batteria | B12: 0.91 | C12: % | D12: Energia resa / energia caricata
A14: =INDEX(Lingue!$B:$D,MATCH("input_sec_prod",Lingue!$A:$A,0),MATCH(Input!$B$3,Lingue!$B$1:$D$1,0)) -> 2. Produzione e recupero MPPT
A15: Producibilità specifica | B15: 1350 | C15: kWh/kWp/anno | D15: Input modificabile in funzione del sito
A16: Recupero MPPT realistico | B16: 0.11 | C16: % | D16: Assunzione fissata al 5% su richiesta utente
A17: Valore energia standard per MPPT | B17: 100 | C17: €/MWh | D17: Prezzo medio usato per valorizzare l'energia extra MPPT
A19: =INDEX(Lingue!$B:$D,MATCH("input_sec_market",Lingue!$A:$A,0),MATCH(Input!$B$3,Lingue!$B$1:$D$1,0)) -> 3. Scenario mercato e recuperi
A20: Ore annue a prezzo basso o nullo | B20: 200 | C20: h/anno | D20: Scenario base discusso: da validare per anno/zona
A21: Fattore di carico medio nelle ore basse | B21: 0.55 | C21: % potenza iDeA | D21: Es.: 55% significa 0,55 MW medi se la potenza iDeA è 1 MW
A22: Prezzo energia nelle ore basse | B22: 0 | C22: €/MWh | D22: Costo-opportunità dell'energia caricata in batteria
A23: Prezzo energia in scarica/sera | B23: 140 | C23: €/MWh | D23: Prezzo di valorizzazione in uscita dalla batteria
A24: Costo degrado batteria | B24: 0 | C24: €/MWh scaricato | D24: Lascia 0 se vuoi escludere il degrado
A25: Energia recuperabile da congestione/clipping | B25: 0 | C25: MWh/anno | D25: Energia annua che sarebbe persa senza accumulo
A27: =INDEX(Lingue!$B:$D,MATCH("input_sec_notes",Lingue!$A:$A,0),MATCH(Input!$B$3,Lingue!$B$1:$D$1,0)) -> 4. Note operative
A28: =INDEX(Lingue!$B:$D,MATCH("input_logic_note",Lingue!$A:$A,0),MATCH(Input!$B$3,Lingue!$B$1:$D$1,0)) -> Logica del modello: • il recupero MPPT si applica solo alla potenza FV gestita da iDeA; • l'arbitraggio di mercato usa l'energia disponibile nelle ore a prezzo basso; • il recupero da congestione/clipping entra come energia annua addizionale da stoccare; • arbitraggio e clipping/congestione vengono ridotti automaticamente se il throughput annuo della batteria non è sufficiente.

Sheet Grafici
A1: =INDEX(Lingue!$B:$D,MATCH("charts_title",Lingue!$A:$A,0),MATCH(Input!$B$3,Lingue!$B$1:$D$1,0)) -> Grafici di confronto prima / dopo
A2: =INDEX(Lingue!$B:$D,MATCH("charts_subtitle",Lingue!$A:$A,0),MATCH(Input!$B$3,Lingue!$B$1:$D$1,0)) -> I grafici aiutano a leggere il modello anche a chi non è tecnico. La lingua segue la selezione in Input!B3.
A4: =INDEX(Lingue!$B:$D,MATCH("chart1_header",Lingue!$A:$A,0),MATCH(Input!$B$3,Lingue!$B$1:$D$1,0)) -> Energia sulle stringhe gestite: prima / dopo MPPT | I4: =INDEX(Lingue!$B:$D,MATCH("chart2_header",Lingue!$A:$A,0),MATCH(Input!$B$3,Lingue!$B$1:$D$1,0)) -> Valore economico dei flussi influenzati da iDea
C5: MWh/anno | K5: € / anno
A6: =DatiGrafici!A1 -> Prima | B6: =DatiGrafici!B1 -> 270 | C6: =REPT("█",ROUND(B6/MAX($B$6:$B$7)*30,0)) -> ███████████████████████████ | I6: =DatiGrafici!D1 -> Prima | J6: =DatiGrafici!E1 -> 0 | K6: =REPT("█",ROUND(J6/MAX($J$6:$J$7)*30,0))
A7: =DatiGrafici!A2 -> Dopo | B7: =DatiGrafici!B2 -> 299.7 | C7: =REPT("█",ROUND(B7/MAX($B$6:$B$7)*30,0)) -> ██████████████████████████████ | I7: =DatiGrafici!D2 -> Dopo | J7: =DatiGrafici!E2 -> 5772.8 | K7: =REPT("█",ROUND(J7/MAX($J$6:$J$7)*30,0)) -> ██████████████████████████████
A22: =INDEX(Lingue!$B:$D,MATCH("chart3_header",Lingue!$A:$A,0),MATCH(Input!$B$3,Lingue!$B$1:$D$1,0)) -> Composizione del valore incrementale
A24: =DatiGrafici!G1 -> Valore MPPT | B24: =DatiGrafici!H1 -> 2970 | C24: =REPT("█",ROUND(B24/MAX($B$24:$B$26)*55,0)) -> ███████████████████████████████████████████████████████
A25: =DatiGrafici!G2 -> Valore arbitraggio | B25: =DatiGrafici!H2 -> 2802.8 | C25: =REPT("█",ROUND(B25/MAX($B$24:$B$26)*55,0)) -> ████████████████████████████████████████████████████
A26: =DatiGrafici!G3 -> Valore congestioni / clipping | B26: =DatiGrafici!H3 -> 0 | C26: =REPT("█",ROUND(B26/MAX($B$24:$B$26)*55,0))
A36: =INDEX(Lingue!$B:$D,MATCH("charts_note",Lingue!$A:$A,0),MATCH(Input!$B$3,Lingue!$B$1:$D$1,0)) -> Grafico 1 confronta l'energia annua delle stringhe gestite prima e dopo il solo recupero MPPT. Grafico 2 confronta il valore economico dei flussi influenzati da iDea prima e dopo l'ottimizzazione. 'Prima' = configurazione tradizionale; 'Dopo' = configurazione con iDea.

Sheet Guida
A1: =INDEX(Lingue!$B:$D,MATCH("guide_title",Lingue!$A:$A,0),MATCH(Input!$B$3,Lingue!$B$1:$D$1,0)) -> Manuale rapido di utilizzo
A2: =INDEX(Lingue!$B:$D,MATCH("guide_subtitle",Lingue!$A:$A,0),MATCH(Input!$B$3,Lingue!$B$1:$D$1,0)) -> Usa il menu lingua in Input!B3. Modifica solo le celle blu nel foglio Input: formule, dashboard e grafici si aggiornano automaticamente.
A4: =INDEX(Lingue!$B:$D,MATCH("guide_sec_inputs",Lingue!$A:$A,0),MATCH(Input!$B$3,Lingue!$B$1:$D$1,0)) -> 1. Dati da modificare
A5: =INDEX(Lingue!$B:$D,MATCH("hdr_cell",Lingue!$A:$A,0),MATCH(Input!$B$3,Lingue!$B$1:$D$1,0)) -> Cella | B5: =INDEX(Lingue!$B:$D,MATCH("hdr_param",Lingue!$A:$A,0),MATCH(Input!$B$3,Lingue!$B$1:$D$1,0)) -> Parametro | C5: =INDEX(Lingue!$B:$D,MATCH("hdr_current",Lingue!$A:$A,0),MATCH(Input!$B$3,Lingue!$B$1:$D$1,0)) -> Valore attuale | D5: =INDEX(Lingue!$B:$D,MATCH("hdr_why",Lingue!$A:$A,0),MATCH(Input!$B$3,Lingue!$B$1:$D$1,0)) -> Cosa modificare e perché
A6: B5 | B6: =INDEX(Lingue!$B:$D,MATCH("p_B5",Lingue!$A:$A,0),MATCH(Input!$B$3,Lingue!$B$1:$D$1,0)) -> Numero stringhe FV [n] | C6: =Input!B5 -> 20 | D6: =INDEX(Lingue!$B:$D,MATCH("e_B5",Lingue!$A:$A,0),MATCH(Input!$B$3,Lingue!$B$1:$D$1,0)) -> Cambia questo dato se la taglia dell'impianto è diversa. Il modello assume 10 kWp per stringa: quindi più stringhe = più potenza totale.
A7: B6 | B7: =INDEX(Lingue!$B:$D,MATCH("p_B6",Lingue!$A:$A,0),MATCH(Input!$B$3,Lingue!$B$1:$D$1,0)) -> Numero sistemi iDeA [n] | C7: =Input!B6 -> 20 | D7: =INDEX(Lingue!$B:$D,MATCH("e_B6",Lingue!$A:$A,0),MATCH(Input!$B$3,Lingue!$B$1:$D$1,0)) -> Cambia questo dato se non tutte le stringhe sono gestite da iDeA. 1 sistema iDeA controlla 1 stringa.
A8: B7 | B8: =INDEX(Lingue!$B:$D,MATCH("p_B7",Lingue!$A:$A,0),MATCH(Input!$B$3,Lingue!$B$1:$D$1,0)) -> Batteria per sistema iDeA [kWh] | C8: =Input!B7 -> 10 | D8: =INDEX(Lingue!$B:$D,MATCH("e_B7",Lingue!$A:$A,0),MATCH(Input!$B$3,Lingue!$B$1:$D$1,0)) -> Scegli 25 o 40 kWh in base alla configurazione reale. Questo cambia la capacità totale disponibile per accumulo e recuperi.
A9: B10 | B9: =INDEX(Lingue!$B:$D,MATCH("p_B10",Lingue!$A:$A,0),MATCH(Input!$B$3,Lingue!$B$1:$D$1,0)) -> Quota batteria utilizzabile [%] | C9: =Input!B10 -> 0.9 | D9: =INDEX(Lingue!$B:$D,MATCH("e_B10",Lingue!$A:$A,0),MATCH(Input!$B$3,Lingue!$B$1:$D$1,0)) -> Cambia questo dato se la finestra utile della batteria è diversa (per esempio per limiti di SOC o strategia commerciale).
A10: B11 | B10: =INDEX(Lingue!$B:$D,MATCH("p_B11",Lingue!$A:$A,0),MATCH(Input!$B$3,Lingue!$B$1:$D$1,0)) -> Cicli annui efficaci batteria [n/anno] | C10: =Input!B11 -> 250 | D10: =INDEX(Lingue!$B:$D,MATCH("e_B11",Lingue!$A:$A,0),MATCH(Input!$B$3,Lingue!$B$1:$D$1,0)) -> Cambia questo dato se prevedi un uso più o meno intenso della batteria durante l'anno.
A11: B12 | B11: =INDEX(Lingue!$B:$D,MATCH("p_B12",Lingue!$A:$A,0),MATCH(Input!$B$3,Lingue!$B$1:$D$1,0)) -> Rendimento round-trip batteria [%] | C11: =Input!B12 -> 0.91 | D11: =INDEX(Lingue!$B:$D,MATCH("e_B12",Lingue!$A:$A,0),MATCH(Input!$B$3,Lingue!$B$1:$D$1,0)) -> Aggiorna questo dato se la batteria, l'elettronica o i test di prestazione mostrano un'efficienza diversa. Influisce direttamente sull'energia resa.
A12: B15 | B12: =INDEX(Lingue!$B:$D,MATCH("p_B15",Lingue!$A:$A,0),MATCH(Input!$B$3,Lingue!$B$1:$D$1,0)) -> Producibilità specifica [kWh/kWp/anno] | C12: =Input!B15 -> 1350 | D12: =INDEX(Lingue!$B:$D,MATCH("e_B15",Lingue!$A:$A,0),MATCH(Input!$B$3,Lingue!$B$1:$D$1,0)) -> È il dato da cambiare quando il modello viene usato in un sito con irraggiamento diverso. Se esci dal mercato italiano, questo è il primo parametro da aggiornare.
A13: B16 | B13: =INDEX(Lingue!$B:$D,MATCH("p_B16",Lingue!$A:$A,0),MATCH(Input!$B$3,Lingue!$B$1:$D$1,0)) -> Recupero MPPT [%] | C13: =Input!B16 -> 0.11 | D13: =INDEX(Lingue!$B:$D,MATCH("e_B16",Lingue!$A:$A,0),MATCH(Input!$B$3,Lingue!$B$1:$D$1,0)) -> L'assunzione corrente è 5%. Cambia questo dato solo se hai misure di campo o casi validati che dimostrano un valore diverso.
A14: B17 | B14: =INDEX(Lingue!$B:$D,MATCH("p_B17",Lingue!$A:$A,0),MATCH(Input!$B$3,Lingue!$B$1:$D$1,0)) -> Valore energia standard MPPT [€/MWh] | C14: =Input!B17 -> 100 | D14: =INDEX(Lingue!$B:$D,MATCH("e_B17",Lingue!$A:$A,0),MATCH(Input!$B$3,Lingue!$B$1:$D$1,0)) -> Serve a valorizzare l'energia extra dovuta al solo MPPT. Aggiorna questo prezzo se cambia il benchmark economico del tuo mercato.
A15: B20 | B15: =INDEX(Lingue!$B:$D,MATCH("p_B20",Lingue!$A:$A,0),MATCH(Input!$B$3,Lingue!$B$1:$D$1,0)) -> Ore annue a prezzo basso o nullo [h/anno] | C15: =Input!B20 -> 200 | D15: =INDEX(Lingue!$B:$D,MATCH("e_B20",Lingue!$A:$A,0),MATCH(Input!$B$3,Lingue!$B$1:$D$1,0)) -> Aggiorna questo dato con il profilo reale del mercato locale. È uno dei parametri chiave quando il modello viene usato fuori Italia.
A16: B21 | B16: =INDEX(Lingue!$B:$D,MATCH("p_B21",Lingue!$A:$A,0),MATCH(Input!$B$3,Lingue!$B$1:$D$1,0)) -> Fattore di carico medio nelle ore basse [%] | C16: =Input!B21 -> 0.55 | D16: =INDEX(Lingue!$B:$D,MATCH("e_B21",Lingue!$A:$A,0),MATCH(Input!$B$3,Lingue!$B$1:$D$1,0)) -> Adatta questo dato al profilo atteso di produzione nelle ore considerate. Se il sito produce meno o più del 55%, cambia il valore.
A17: B22 | B17: =INDEX(Lingue!$B:$D,MATCH("p_B22",Lingue!$A:$A,0),MATCH(Input!$B$3,Lingue!$B$1:$D$1,0)) -> Prezzo energia nelle ore basse [€/MWh] | C17: =Input!B22 -> 0 | D17: =INDEX(Lingue!$B:$D,MATCH("e_B22",Lingue!$A:$A,0),MATCH(Input!$B$3,Lingue!$B$1:$D$1,0)) -> Inserisci il valore locale dell'energia nelle ore di carica. In alcuni mercati può essere zero, basso o anche negativo.
A18: B23 | B18: =INDEX(Lingue!$B:$D,MATCH("p_B23",Lingue!$A:$A,0),MATCH(Input!$B$3,Lingue!$B$1:$D$1,0)) -> Prezzo energia in scarica/sera [€/MWh] | C18: =Input!B23 -> 140 | D18: =INDEX(Lingue!$B:$D,MATCH("e_B23",Lingue!$A:$A,0),MATCH(Input!$B$3,Lingue!$B$1:$D$1,0)) -> Inserisci il prezzo locale delle ore in cui l'energia spostata viene valorizzata. È il principale driver del valore arbitraggio.
A19: B24 | B19: =INDEX(Lingue!$B:$D,MATCH("p_B24",Lingue!$A:$A,0),MATCH(Input!$B$3,Lingue!$B$1:$D$1,0)) -> Costo degrado batteria [€/MWh] | C19: =Input!B24 -> 0 | D19: =INDEX(Lingue!$B:$D,MATCH("e_B24",Lingue!$A:$A,0),MATCH(Input!$B$3,Lingue!$B$1:$D$1,0)) -> Usa questo dato per rendere il business case più prudente. Se non vuoi considerare il degrado, lascia 0.
A20: B25 | B20: =INDEX(Lingue!$B:$D,MATCH("p_B25",Lingue!$A:$A,0),MATCH(Input!$B$3,Lingue!$B$1:$D$1,0)) -> Energia recuperabile da congestione/clipping [MWh/anno] | C20: =Input!B25 -> 0 | D20: =INDEX(Lingue!$B:$D,MATCH("e_B25",Lingue!$A:$A,0),MATCH(Input!$B$3,Lingue!$B$1:$D$1,0)) -> Stima qui l'energia che senza iDea verrebbe persa, limitata o tagliata. Serve per valorizzare il beneficio di accumulo nelle congestioni di rete.
A22: =INDEX(Lingue!$B:$D,MATCH("guide_sec_outputs",Lingue!$A:$A,0),MATCH(Input!$B$3,Lingue!$B$1:$D$1,0)) -> 2. OUT spiegati in modo semplice
A23: =INDEX(Lingue!$B:$D,MATCH("hdr_itlabel",Lingue!$A:$A,0),MATCH(Input!$B$3,Lingue!$B$1:$D$1,0)) -> Etichetta dashboard | B23: =INDEX(Lingue!$B:$D,MATCH("hdr_translation",Lingue!$A:$A,0),MATCH(Input!$B$3,Lingue!$B$1:$D$1,0)) -> Traduzione | C23: =INDEX(Lingue!$B:$D,MATCH("hdr_explanation",Lingue!$A:$A,0),MATCH(Input!$B$3,Lingue!$B$1:$D$1,0)) -> Significato pratico
A24: Recupero MPPT [MWh/anno] | B24: =INDEX(Lingue!$B:$D,MATCH("o_mppt_mwh",Lingue!$A:$A,0),MATCH(Input!$B$3,Lingue!$B$1:$D$1,0)) -> Recupero MPPT [MWh/anno] | C24: =INDEX(Lingue!$B:$D,MATCH("x_mppt_mwh",Lingue!$A:$A,0),MATCH(Input!$B$3,Lingue!$B$1:$D$1,0)) -> Energia extra annua prodotta grazie al miglior inseguimento del punto di massima potenza sulle stringhe gestite da iDeA.
A25: Valore MPPT [€ / anno] | B25: =INDEX(Lingue!$B:$D,MATCH("o_mppt_val",Lingue!$A:$A,0),MATCH(Input!$B$3,Lingue!$B$1:$D$1,0)) -> Valore MPPT [€ / anno] | C25: =INDEX(Lingue!$B:$D,MATCH("x_mppt_val",Lingue!$A:$A,0),MATCH(Input!$B$3,Lingue!$B$1:$D$1,0)) -> Valore economico del solo extra rendimento MPPT, calcolato con il prezzo standard scelto nell'Input.
A26: Storage reso [MWh/anno] | B26: =INDEX(Lingue!$B:$D,MATCH("o_storage_mwh",Lingue!$A:$A,0),MATCH(Input!$B$3,Lingue!$B$1:$D$1,0)) -> Storage reso [MWh/anno] | C26: =INDEX(Lingue!$B:$D,MATCH("x_storage_mwh",Lingue!$A:$A,0),MATCH(Input!$B$3,Lingue!$B$1:$D$1,0)) -> Energia effettivamente resa dopo le perdite di batteria, sommando arbitraggio e recupero congestione/clipping.
A27: Valore arbitraggio [€ / anno] | B27: =INDEX(Lingue!$B:$D,MATCH("o_arb_val",Lingue!$A:$A,0),MATCH(Input!$B$3,Lingue!$B$1:$D$1,0)) -> Valore arbitraggio [€ / anno] | C27: =INDEX(Lingue!$B:$D,MATCH("x_arb_val",Lingue!$A:$A,0),MATCH(Input!$B$3,Lingue!$B$1:$D$1,0)) -> Valore extra ottenuto caricando quando il prezzo è basso e scaricando quando il prezzo è più alto.
A28: Valore congest./clip [€ / anno] | B28: =INDEX(Lingue!$B:$D,MATCH("o_cong_val",Lingue!$A:$A,0),MATCH(Input!$B$3,Lingue!$B$1:$D$1,0)) -> Valore congest./clip [€ / anno] | C28: =INDEX(Lingue!$B:$D,MATCH("x_cong_val",Lingue!$A:$A,0),MATCH(Input!$B$3,Lingue!$B$1:$D$1,0)) -> Valore dell'energia che senza iDea sarebbe stata persa per congestioni di rete o clipping dell'impianto.
A29: Valore totale [€ / anno] | B29: =INDEX(Lingue!$B:$D,MATCH("o_total_val",Lingue!$A:$A,0),MATCH(Input!$B$3,Lingue!$B$1:$D$1,0)) -> Valore totale [€ / anno] | C29: =INDEX(Lingue!$B:$D,MATCH("x_total_val",Lingue!$A:$A,0),MATCH(Input!$B$3,Lingue!$B$1:$D$1,0)) -> Beneficio economico annuo incrementale complessivo stimato dal modello rispetto alla configurazione tradizionale.
A30: Fattibilità throughput batteria | B30: =INDEX(Lingue!$B:$D,MATCH("o_feas",Lingue!$A:$A,0),MATCH(Input!$B$3,Lingue!$B$1:$D$1,0)) -> Fattibilità throughput batteria | C30: =INDEX(Lingue!$B:$D,MATCH("x_feas",Lingue!$A:$A,0),MATCH(Input!$B$3,Lingue!$B$1:$D$1,0)) -> Se è sotto il 100%, la batteria è troppo piccola per gestire tutti i flussi annui richiesti e il modello li riduce automaticamente.
A31: Incremento valore per sistema | B31: =INDEX(Lingue!$B:$D,MATCH("o_per_system",Lingue!$A:$A,0),MATCH(Input!$B$3,Lingue!$B$1:$D$1,0)) -> Incremento valore per sistema | C31: =INDEX(Lingue!$B:$D,MATCH("x_per_system",Lingue!$A:$A,0),MATCH(Input!$B$3,Lingue!$B$1:$D$1,0)) -> Valore medio annuo per singolo sistema iDeA: utile per una valutazione rapida per modulo o lotto.
A33: =INDEX(Lingue!$B:$D,MATCH("guide_sec_adapt",Lingue!$A:$A,0),MATCH(Input!$B$3,Lingue!$B$1:$D$1,0)) -> 3. Come adattare il modello a siti e mercati diversi
A34: =INDEX(Lingue!$B:$D,MATCH("adapt_note",Lingue!$A:$A,0),MATCH(Input!$B$3,Lingue!$B$1:$D$1,0)) -> Per siti fuori Italia, inizia da tre gruppi di celle: B15 (producibilità/irraggiamento), B20:B24 (ore e prezzi di mercato), B25 (energia persa per congestione o clipping). Se cambia la tecnologia batteria, aggiorna anche B10:B12.
A38: =INDEX(Lingue!$B:$D,MATCH("guide_sec_congestion",Lingue!$A:$A,0),MATCH(Input!$B$3,Lingue!$B$1:$D$1,0)) -> 4. Nota su recupero congestioni
A39: =INDEX(Lingue!$B:$D,MATCH("congestion_note",Lingue!$A:$A,0),MATCH(Input!$B$3,Lingue!$B$1:$D$1,0)) -> Recupero congestioni = energia che l'impianto produrrebbe ma che non può immettere subito in rete per limiti di rete, clipping o ordini di riduzione. Il modello assume che questa energia possa essere caricata in batteria e valorizzata più tardi, nei limiti del throughput disponibile.
A43: Nota IT | D43: EN note | G43: Примітка UA
A44: Recupero congestioni = energia che l'impianto produrrebbe ma che non può immettere subito in rete per limiti di rete, clipping o ordini di riduzione. Il modello assume che questa energia possa essere caricata in batteria e valorizzata più tardi. | D44: Congestion recovery = energy the plant would produce but cannot inject immediately because of grid limits, clipping or curtailment orders. The model assumes this energy can be stored and monetized later. | G44: Відновлення енергії при перевантаженнях = енергія, яку станція могла б виробити, але не може одразу віддати в мережу через мережеві обмеження, кліпінг або команди на обмеження. Модель припускає, що цю енергію можна накопичити та монетизувати пізніше.

Sheet Calcoli
A1: Calcoli automatici
A2: Tutte le celle di questo foglio sono alimentate da formule. Modifica gli input nel foglio Input.
A4: A. Dimensionamento derivato | F4: Controlli e avvisi
A5: Stringhe coperte da iDeA | B5: =MIN(Input!$B$5,Input!$B$6) -> 20 | C5: n | D5: Numero effettivamente gestibile | F5: Coerenza numero sistemi iDeA | G5: =IF(Input!$B$6>Input!$B$5,"ATTENZIONE: iDeA > stringhe","OK") -> OK
A6: Stringhe non gestite da iDeA | B6: =MAX(Input!$B$5-B5,0) -> 0 | C6: n | D6: Resta su architettura tradizionale | F6: Quota stringhe non gestite | G6: =IF(Input!$B$5=0,0,B6/Input!$B$5) -> 0
A7: Potenza FV totale | B7: =Input!$B$5*Input!$B$8 -> 200 | C7: kWp | D7: Stringhe totali × 10 kWp | F7: Fattibilità throughput batteria | G7: =B30 -> 1
A8: Potenza FV gestita da iDeA | B8: =B5*Input!$B$9 -> 200 | C8: kWp | D8: Sistemi iDeA effettivi × 10 kWp | F8: Messaggio batteria | G8: =IF(B30<1,"ATTENZIONE: il throughput annuo richiesto supera la capacità batteria","OK") -> OK
A9: Potenza FV non gestita | B9: =B6*Input!$B$8 -> 0 | C9: kWp | D9: Potenza residua fuori iDeA
A10: Batteria nominale totale | B10: =Input!$B$6*Input!$B$7 -> 200 | C10: kWh | D10: Numero sistemi × batteria per sistema | F10: Interpretazione rapida: • Se G5 mostra ATTENZIONE, hai inserito più sistemi iDeA delle stringhe disponibili. • Se G7 è sotto 100%, la batteria non riesce a coprire tutto il volume annuo richiesto: il modello riduce automaticamente arbitraggio e clipping/congestione.
A11: Batteria utilizzabile per ciclo | B11: =B10*Input!$B$10 -> 180 | C11: kWh | D11: Quota batteria utilizzabile
A12: Batteria utilizzabile per ciclo | B12: =B11/1000 -> 0.18 | C12: MWh | D12: Conversione in MWh
A13: Capacità annua di carica batteria | B13: =B12*Input!$B$11 -> 45 | C13: MWh/anno | D13: Throughput annuo disponibile in carica
A14: Capacità annua di scarica batteria | B14: =B13*Input!$B$12 -> 40.95 | C14: MWh/anno | D14: Throughput annuo disponibile in scarica
A15: Ore equivalenti di accumulo su potenza gestita | B15: =IF(B8=0,0,B10/B8) -> 1 | C15: h | D15: Batteria nominale totale / potenza gestita
A16: Quota FV coperta da iDeA | B16: =IF(B7=0,0,B8/B7) -> 1 | C16: % | D16: Potenza gestita / potenza totale
A18: B. Produzione e recupero MPPT
A19: Produzione annua totale | B19: =B7*Input!$B$15/1000 -> 270 | C19: MWh/anno | D19: Potenza totale × producibilità specifica
A20: Produzione annua gestita da iDeA | B20: =B8*Input!$B$15/1000 -> 270 | C20: MWh/anno | D20: Base su cui applicare il recupero MPPT
A21: Produzione annua non gestita | B21: =B19-B20 -> 0 | C21: MWh/anno | D21: Quota residua fuori iDeA
A22: Recupero annuo MPPT | B22: =B20*Input!$B$16 -> 29.7 | C22: MWh/anno | D22: Produzione gestita × 5%
A23: Valore annuo recupero MPPT | B23: =B22*Input!$B$17 -> 2970 | C23: € / anno | D23: Energia extra MPPT × valore standard
A26: C. Arbitraggio mercato e recupero storage
A27: Energia potenziale in ore a prezzo basso | B27: =MIN(B20,(B8/1000)*Input!$B$20*Input!$B$21) -> 22 | C27: MWh/anno | D27: Energia gestita disponibile nelle ore basse
A28: Energia richiesta da congestione/clipping | B28: =Input!$B$25 -> 0 | C28: MWh/anno | D28: Input diretto dal foglio Input
A29: Energia totale richiesta in carica batteria | B29: =B27+B28 -> 22 | C29: MWh/anno | D29: Arbitraggio + recupero clipping/congestione
A30: Fattore di fattibilità batteria | B30: =IF(B29=0,1,MIN(1,B13/B29)) -> 1 | C30: % | D30: Riduce i flussi se il throughput annuo non basta
A31: Energia effettiva caricata per arbitraggio | B31: =B27*B30 -> 22 | C31: MWh/anno | D31: Energia arbitraggio dopo verifica batteria
A32: Energia effettiva caricata da congestione/clipping | B32: =B28*B30 -> 0 | C32: MWh/anno | D32: Energia clipping/congestione dopo verifica batteria
A33: Energia scaricata da arbitraggio | B33: =B31*Input!$B$12 -> 20.02 | C33: MWh/anno | D33: Energia resa in uscita dalla batteria
A34: Energia scaricata da congestione/clipping | B34: =B32*Input!$B$12 -> 0 | C34: MWh/anno | D34: Energia resa in uscita dalla batteria
A35: Energia storage totale resa | B35: =B33+B34 -> 20.02 | C35: MWh/anno | D35: Somma delle due componenti storage
A38: D. Valore economico incrementale
A39: Valore arbitraggio mercato | B39: =B33*Input!$B$23-B31*Input!$B$22-B33*Input!$B$24 -> 2802.8 | C39: € / anno | D39: Ricavo serale meno costo/opportunità e degrado
A40: Valore recupero congestione/clipping | B40: =B34*Input!$B$23-B34*Input!$B$24 -> 0 | C40: € / anno | D40: Energia salvata e venduta in uscita
A41: Valore storage totale | B41: =B39+B40 -> 2802.8 | C41: € / anno | D41: Somma arbitraggio + clipping/congestione
A42: Incremento energia totale | B42: =B22+B35 -> 49.72 | C42: MWh/anno | D42: MPPT + storage
A43: Incremento valore totale | B43: =B23+B41 -> 5772.8 | C43: € / anno | D43: MPPT + storage
A44: Incremento valore per sistema iDeA | B44: =IF(Input!$B$6=0,0,B43/Input!$B$6) -> 288.64 | C44: € / sistema anno | D44: Valore totale / numero sistemi
A45: Incremento valore per stringa totale | B45: =IF(Input!$B$5=0,0,B43/Input!$B$5) -> 288.64 | C45: € / stringa anno | D45: Valore totale / numero stringhe
A46: Incremento energia su produzione totale | B46: =IF(B19=0,0,B42/B19) -> 0.18414815 | C46: % | D46: MWh extra / produzione annua totale

Sheet DatiGrafici
A1: =INDEX(Lingue!$B:$D,MATCH("before",Lingue!$A:$A,0),MATCH(Input!$B$3,Lingue!$B$1:$D$1,0)) -> Prima | B1: =Calcoli!B20 -> 270 | D1: =INDEX(Lingue!$B:$D,MATCH("before",Lingue!$A:$A,0),MATCH(Input!$B$3,Lingue!$B$1:$D$1,0)) -> Prima | E1: =Calcoli!B31*Input!$B$22 -> 0 | G1: =INDEX(Lingue!$B:$D,MATCH("c_mppt",Lingue!$A:$A,0),MATCH(Input!$B$3,Lingue!$B$1:$D$1,0)) -> Valore MPPT | H1: =Calcoli!B23 -> 2970
A2: =INDEX(Lingue!$B:$D,MATCH("after",Lingue!$A:$A,0),MATCH(Input!$B$3,Lingue!$B$1:$D$1,0)) -> Dopo | B2: =Calcoli!B20+Calcoli!B22 -> 299.7 | D2: =INDEX(Lingue!$B:$D,MATCH("after",Lingue!$A:$A,0),MATCH(Input!$B$3,Lingue!$B$1:$D$1,0)) -> Dopo | E2: =Calcoli!B23 + (Calcoli!B33*Input!$B$23 - Calcoli!B33*Input!$B$24) + (Calcoli!B34*Input!$B$23 - Calcoli!B34*Input!$B$24) -> 5772.8 | G2: =INDEX(Lingue!$B:$D,MATCH("c_arb",Lingue!$A:$A,0),MATCH(Input!$B$3,Lingue!$B$1:$D$1,0)) -> Valore arbitraggio | H2: =Calcoli!B39 -> 2802.8
B3: =INDEX(Lingue!$B:$D,MATCH("c_energy_managed",Lingue!$A:$A,0),MATCH(Input!$B$3,Lingue!$B$1:$D$1,0)) -> Energia FV gestita [MWh/anno] | E3: =INDEX(Lingue!$B:$D,MATCH("c_value_affected",Lingue!$A:$A,0),MATCH(Input!$B$3,Lingue!$B$1:$D$1,0)) -> Valore flussi gestiti [€ / anno] | G3: =INDEX(Lingue!$B:$D,MATCH("c_cong",Lingue!$A:$A,0),MATCH(Input!$B$3,Lingue!$B$1:$D$1,0)) -> Valore congestioni / clipping | H3: =Calcoli!B40 -> 0
H4: =INDEX(Lingue!$B:$D,MATCH("o_total_val",Lingue!$A:$A,0),MATCH(Input!$B$3,Lingue!$B$1:$D$1,0)) -> Valore totale [€ / anno]

Sheet Lingue
A1: key | B1: Italiano | C1: English | D1: Українська
A2: input_title | B2: Modello di calcolo iDea – impianto FV | C2: iDea calculation model – PV plant | D2: Розрахункова модель iDea – фотоелектрична станція
A3: input_subtitle | B3: Modifica solo le celle blu. Ogni sistema iDea gestisce 1 stringa da 10 kWp e può montare 25 o 40 kWh di batteria. | C3: Edit only the blue cells. Each iDea system manages 1 string of 10 kWp and can use either 25 or 40 kWh of battery. | D3: Змінюйте лише сині клітинки. Кожна система iDea керує 1 стрінгом на 10 кВтp і може використовувати батарею 25 або 40 кВт·год.
A4: input_sec_dim | B4: 1. Dimensionamento iDea | C4: 1. iDea sizing | D4: 1. Підбір конфігурації iDea
A5: input_sec_prod | B5: 2. Produzione e recupero MPPT | C5: 2. Production and MPPT recovery | D5: 2. Виробіток і приріст від MPPT
A6: input_sec_market | B6: 3. Scenario mercato e recuperi | C6: 3. Market scenario and recoveries | D6: 3. Ринковий сценарій та відновлення енергії
A7: input_sec_notes | B7: 4. Note operative | C7: 4. Operating notes | D7: 4. Робочі примітки
A8: input_logic_note | B8: Logica del modello: • il recupero MPPT si applica solo alla potenza FV gestita da iDeA; • l'arbitraggio di mercato usa l'energia disponibile nelle ore a prezzo basso; • il recupero da congestione/clipping entra come energia annua addizionale da stoccare; • arbitraggio e clipping/congestione vengono ridotti automaticamente se il throughput annuo della batteria non è sufficiente. | C8: Model logic: • MPPT recovery is applied only to the PV power managed by iDea; • market arbitrage uses the energy available during low-price hours; • congestion/clipping recovery enters as additional annual energy to be stored; • arbitrage and congestion/clipping flows are automatically reduced if annual battery throughput is not sufficient. | D8: Логіка моделі: • приріст від MPPT застосовується лише до потужності ФЕС, якою керує iDea; • ринковий арбітраж використовує енергію, доступну в години низької ціни; • відновлення від перевантажень/кліпінгу вводиться як додаткова річна енергія для накопичення; • потоки арбітражу та відновлення від перевантажень/кліпінгу автоматично зменшуються, якщо річної пропускної здатності батареї недостатньо.
A9: input_lang_note | B9: La lingua selezionata aggiorna Guida, Grafici e le note principali. | C9: The selected language updates Guide, Charts and the main notes. | D9: Обрана мова оновлює аркуші Guide, Charts і основні примітки.
A10: dashboard_title | B10: Sintesi modello iDea | C10: iDea model summary | D10: Підсумок моделі iDea
A11: dashboard_subtitle | B11: Dashboard sintetica. Per cambiare scenario usa il foglio Input. Per spiegazioni semplici consulta Guida e Grafici. | C11: Quick dashboard. Use the Input sheet to change the scenario. See Guide and Charts for plain-language explanations. | D11: Коротка панель. Для зміни сценарію використовуйте аркуш Input. Для простих пояснень дивіться Guide і Charts.
A12: dashboard_note | B12: Suggerimento d'uso: imposta in Input il numero di stringhe, il numero di sistemi iDeA e la batteria 25/40 kWh. Il modello calcola automaticamente la potenza gestita, il recupero MPPT al 11%, la capacità di accumulo, l'arbitraggio di mercato e l'eventuale recupero da congestione/clipping. Se la batteria non basta, il modello riduce in automatico i flussi storage tramite il fattore di fattibilità. | C12: How to use: in Input set the number of strings, the number of iDea systems and the 25/40 kWh battery size. The model automatically calculates managed power, 11% MPPT recovery, storage capacity, market arbitrage and any congestion/clipping recovery. If the battery is too small, storage flows are automatically reduced through the feasibility factor. | D12: Як користуватися: на аркуші Input задайте кількість стрінгів, кількість систем iDea та розмір батареї 25/40 кВт·год. Модель автоматично розраховує керовану потужність, 11% приріст від MPPT, ємність накопичення, ринковий арбітраж і можливе відновлення енергії від перевантажень/кліпінгу. Якщо батарея замала, модель автоматично зменшує потоки накопичення через коефіцієнт здійсненності.
... A95: c_cong | B95: Valore congestioni / clipping | C95: Congestion / clipping value | D95: Цінність перевантажень / кліпінгу
